"","Cheese","Yoghurt","Total Milk","Fruits","Refined Grains","Whole Grains","Nuts And Seeds","Total Processed Meats","Unprocessed Red Meats","Fish","Shellfish","Eggs","Total Salt","Added Sugars","Non-Starchy Vegetables","Potatoes","Other Starchy Vegetables","Beans And Legumes","Sugar-sweetened Beverages","Fruit Juices","Coffee"
"Bulgaria",0.115010342,3.397230901,14.38109994,0.797433205,5.743349656,0.539619709,0.05369863,9.593336096,1.510330641,34.06184335,0.010579178,0.000894022,0.002569315,0.061905761,1.370295704,0.37475656,0.017436974,0.030770185,0.044882911,0.004259615,0.001030161
"Hungary",1.241466781,0.540585495,16.29635407,0.86143936,4.876076349,0.755304203,0.010684932,14.41653691,1.956960366,31.48617927,0.004658913,0.001525813,0.003657235,0.072005515,1.300020589,0.475226746,0.020343137,0.028552514,0.05828281,0.002570721,0.000476681
"Romania",0.153705411,0.068718095,23.89970049,1.454609444,9.590027879,0.037866837,0.043013699,13.89540595,1.440363478,39.00291322,0.010696796,0.001484874,0.094148988,0.051949266,2.891772646,1.352057456,0.042762104,0.032987856,0.061731865,0.003498724,0.000786524
"Slovakia",0.731981712,0.407897493,16.77592641,0.718399518,3.246799011,0.562802839,0.051780822,17.66539881,0.769420566,8.902094171,0.001782799,0.001401889,0.069759154,0.1502607,0.896456424,0.703014522,0.023664465,0.018018577,0.048734193,0.009262037,0.00089775
"Ukraine",0.121459521,0.986774113,16.02823872,0.926280378,6.253792391,0.553397074,0.037260274,13.06125834,0.799867674,56.13896404,0.014536671,0.001919714,0.070765609,0.108017226,2.35718474,1.832127806,0,0.021067874,0.026822212,0.011427738,0.000312491
"Denmark",1.115707808,0.106608975,25.01465561,0.855038745,2.88594993,1.081010596,0.047808219,14.43452118,2.058854148,17.23616769,0.111377795,0.001757064,0.071348386,0.100299152,1.456586365,0.787708397,0.000276777,0.012890213,0.053264972,0.00582035,0.001861705
"Iceland",1.684310342,0.248882614,20.6033994,1.120942575,3.47421714,0.494648867,0.049726027,12.42977218,2.29053199,12.05656282,0.220286624,0.001303414,0.065955134,0.147753669,1.032588571,0.464570817,0.208966915,0.014137653,0.053593453,0.007013239,0.002330441
"Ireland",0.463265959,0.060784782,32.56336721,0.923358358,5.817838604,0.414490386,0.041643836,18.74289447,1.516647875,4.41569525,0.018654409,0.000887384,0.061138727,0.152158881,1.252388144,0.950453491,0.000553555,0.043660398,0.089199714,0.006853893,0.000715022
"Norway",1.069488699,1.134648808,17.37286246,1.08754806,3.262553317,1.067434825,0.05109589,7.876393686,1.870134404,6.35092631,0.154580603,0.001322224,0.071659935,0.202771783,0.99517294,0.720728273,0.006781046,0.140129086,0.040340924,0.002007282,0.002216568
"Sweden",1.765999932,0.591759544,17.89695207,0.815800189,4.61211416,0.671254578,0.050273973,10.40592971,1.677666823,22.49734259,0.115629903,0.001594414,0.082098564,0.087853533,1.177280752,0.730830647,0.005535547,0.027998096,0.044673482,0.006135337,0.002674711
"United.Kingdom",0.302036507,0.606904386,21.00709005,1.074607685,6.292260234,0.470957778,0.053424658,16.59550737,1.567228585,2.960038471,0.055249487,0.001233707,0.029012457,0.180463089,1.081739732,1.061026051,0.0073346,0.045046442,0.052540047,0.004844746,0.000701781
"Albania",0.181651849,0.548684019,32.06760676,2.43877365,10.00159108,0.154880981,0.062465753,10.4036871,0.739646618,33.69389134,0.030575759,0.00168625,0.07787876,0.065576771,4.245362478,0.650703599,0,0.074014769,0.020699997,0.011151602,0.000701781
"Bosnia.and.Herzegovina",0.185951301,0.484406791,19.64425471,1.483412214,7.454123967,0.479938247,0.038219178,3.060555217,1.28095539,28.96307976,0.003984366,0.00060081,0.068735641,0.055208406,3.517069295,1.150978696,0.000968721,0.100488217,0.041084102,0.002927724,0.001901428
"Croatia",0.162304315,0.086727654,21.86809442,1.127621479,4.899593283,0.359390125,0.048493151,12.41125032,2.092119932,76.11350181,0.060203761,0.000814357,1.661091038,0.106871154,4.210017823,0.540961371,0.004981993,0.010395333,0.058333781,0.005291829,0.001326763
"Greece",0.274090068,0.345834882,24.54216555,1.712860365,3.808372896,0.987497092,0.209726027,2.503308175,2.65981144,71.6455131,0.081072771,0.001074376,0.042540367,0.155543804,2.407026226,0.771932087,0.009133653,0.065975712,0.032077916,0.014661019,0.001043402
"Montenegro",0.216047466,0.051002664,35.82931561,1.742358854,2.673033785,1.218311927,0.045890411,8.876304995,2.113651017,59.08258013,0.039084446,0.001147402,0.082690605,0.588000197,1.672658181,0.371712009,0.004981993,0.062649205,0.051469651,0.005348134,0.001496249
"Portugal",0.496586712,0.030925512,14.56321602,1.868840582,9.705913915,0.297185061,0.064109589,9.227230975,2.773968283,9.723815097,0.169122914,0.001170638,0.002285801,0.068191246,1.535007318,0.861192789,0.007611378,0.050452015,0.057518241,0.002434474,0.001504194
"Serbia",0.042994521,0.427578656,16.3944944,1.447234822,5.025757059,0.694673906,0.046986301,8.363997576,1.482794969,5.540529322,0.003291322,0.001062205,0.054621096,0.122555417,1.230021604,0.447687397,0,0.039640869,0.037044783,0.013735982,0.000990438
"Slovenia",1.34465363,0.280735675,14.03305587,1.780066828,6.370513818,0.456592583,0.054109589,12.98864755,1.46718323,8.213019936,0.04306146,0.001063311,0.071135076,0.080636865,1.276135334,0.554108296,0.003044551,0.036452967,0.043495479,0.001333674,0.001257909
"Spain",0.325683493,0.039714434,15.71459436,1.455026876,7.548112531,0.254215765,0.185753425,18.58328172,2.363550146,7.546394228,0.196729182,0.001582242,0.031608059,0.036343321,1.670587205,0.824934954,0.008995265,0.089399862,0.06258705,0.013470701,0.001008975
"Austria",1.492984726,0.443501247,18.66487489,1.334945763,4.150511118,0.825635455,0.109452055,14.12227904,2.036467451,10.72720971,0.035652262,0.001584455,0.076625441,0.081729214,1.225603523,0.789369061,0.003736495,0.043660398,0.06319253,0.002188843,0.00191467
"Belgium",2.575371781,0.191955146,18.63856923,1.703398586,6.001174776,0.809461696,0.04,10.25802492,1.550088066,17.67382295,0.053995023,0.000909513,0.067428949,0.067497821,1.535283448,1.188343641,0.017436974,0.039225056,0.063147734,0.001507432,0.001265853
"France",1.297359658,0.331499924,18.29861921,1.149049626,7.593090459,0.35243625,0.070547945,15.02585384,1.745268971,10.6160226,0.134079333,0.001314478,0.001608243,0.041855769,1.389762877,0.680595555,0.005950713,0.025641821,0.04325195,0.006843136,0.001385024
"Germany",1.379049247,0.105426156,17.31316886,1.083512889,5.547134614,0.359597321,0.070410959,20.80680272,1.209038948,10.40129622,0.020828546,0.001461638,0.000401678,0.047691844,1.258739137,0.814970968,0.000830332,0.024810194,0.057051045,0.005633499,0.00159953
"Luxembourg",1.762775342,0.082028299,9.688575559,1.217647527,6.380490809,0.216957607,0.04369863,18.90920619,1.458751924,20.66291524,0.129072051,0.001820132,0.076943057,0.291800513,1.313274835,0.454053277,0.020204748,0.012335795,0.08784048,0.022290987,0.006633814
"Netherlands",0.693286644,0.048576679,29.3550889,1.355121617,3.789647358,0.588280074,0.051780822,9.398124327,1.419706404,16.00700824,0.067136209,0.001950695,0.050190121,0.178469546,0.933733989,0.996398535,0.045668266,0.04310598,0.046859583,0.00717807,0.001816685
"Switzerland",0.562153356,0.221863645,29.15577296,1.159207125,4.088047079,0.484124436,0.069452055,10.12714913,1.760024021,66.49418494,0.05747204,0.001119741,0.066236646,0.081030827,1.30250576,0.647105493,0.004428438,0.028968327,0.043739134,0.006120838,0.002015302
